CREATE TABLE Supplier(
SUPP_ID int primary key,
SUPP_NAME varchar(50),
SUPP_CITY varchar(50),
SUPP_PHONE varchar(10)
);

CREATE TABLE Customer (
  CUS_ID INT NOT NULL,
  CUS_NAME VARCHAR(20) NULL DEFAULT NULL,
  CUS_PHONE VARCHAR(10),
  CUS_CITY varchar(30) ,
  CUS_GENDER CHAR,
  PRIMARY KEY (CUS_ID));
  
  
  CREATE TABLE Category (
  CAT_ID INT NOT NULL,
  CAT_NAME VARCHAR(20) NULL DEFAULT NULL,
  PRIMARY KEY (CAT_ID)
  );
  
  CREATE TABLE Product (
  PRO_ID INT NOT NULL,
  PRO_NAME VARCHAR(20) ,
  PRO_DESC VARCHAR(60) ,
  CAT_ID INT NOT NULL,
  PRIMARY KEY (PRO_ID),
  FOREIGN KEY (CAT_ID) REFERENCES CATEGORY (CAT_ID)
  );
  
  CREATE TABLE ProductDetails (
  PROD_ID INT NOT NULL,
  PRO_ID INT NOT NULL,
  SUPP_ID INT NOT NULL,
  PROD_PRICE INT NOT NULL,
  PRIMARY KEY (PROD_ID),
  FOREIGN KEY (PRO_ID) REFERENCES PRODUCT (PRO_ID),
  FOREIGN KEY (SUPP_ID) REFERENCES SUPPLIER(SUPP_ID)
  );

  CREATE TABLE IF NOT EXISTS `Order` (
  `ORD_ID` INT NOT NULL,
  `ORD_AMOUNT` INT NOT NULL,
  `ORD_DATE` DATE,
  `CUS_ID` INT NOT NULL,
  `PROD_ID` INT NOT NULL,
  PRIMARY KEY (`ORD_ID`),
  FOREIGN KEY (`CUS_ID`) REFERENCES CUSTOMER(`CUS_ID`),
  FOREIGN KEY (`PROD_ID`) REFERENCES PRODUCT_DETAILS(`PROD_ID`)
  );  
  
  CREATE TABLE IF NOT EXISTS `Rating` (
  `RAT_ID` INT NOT NULL,
  `CUS_ID` INT NOT NULL,
  `SUPP_ID` INT NOT NULL,
  `RAT_RATSTARS` INT NOT NULL,
  PRIMARY KEY (`RAT_ID`),
  FOREIGN KEY (`SUPP_ID`) REFERENCES SUPPLIER (`SUPP_ID`),
  FOREIGN KEY (`CUS_ID`) REFERENCES CUSTOMER(`CUS_ID`)
  );
  
 -- 2) Insert values
 
 insert into `Supplier` values(1,"Rajesh Retails","Delhi",'1234567890');
insert into `Supplier` values(2,"Appario Ltd.","Mumbai",'2589631470');
insert into `Supplier` values(3,"Knome products","Banglore",'9785462315');
insert into `Supplier` values(4,"Bansal Retails","Kochi",'8975463285');
insert into `Supplier` values(5,"Mittal Ltd.","Lucknow",'7898456532');

INSERT INTO `Customer` VALUES(1,"AAKASH",'9999999999',"DELHI",'M');
INSERT INTO `Customer` VALUES(2,"AMAN",'9785463215',"NOIDA",'M');
INSERT INTO `Customer` VALUES(3,"NEHA",'9999999999',"MUMBAI",'F');
INSERT INTO `Customer` VALUES(4,"MEGHA",'9994562399',"KOLKATA",'F');
INSERT INTO `Customer` VALUES(5,"PULKIT",'7895999999',"LUCKNOW",'M');

INSERT INTO `CATEGORY` VALUES( 1,"BOOKS");
INSERT INTO `CATEGORY` VALUES(2,"GAMES");
INSERT INTO `CATEGORY` VALUES(3,"GROCERIES");
INSERT INTO `CATEGORY` VALUES (4,"ELECTRONICS");
INSERT INTO `CATEGORY` VALUES(5,"CLOTHES");

INSERT INTO `PRODUCT` VALUES(1,"GTA V","DFJDJFDJFDJFDJFJF",2);
INSERT INTO `PRODUCT` VALUES(2,"TSHIRT","DFDFJDFJDKFD",5);
INSERT INTO `PRODUCT` VALUES(3,"ROG LAPTOP","DFNTTNTNTERND",4);
INSERT INTO `PRODUCT` VALUES(4,"OATS","REURENTBTOTH",3);
INSERT INTO `PRODUCT` VALUES(5,"HARRY POTTER","NBEMCTHTJTH",1);

INSERT INTO `ProductDetails` VALUES(1,1,2,1500);
INSERT INTO `ProductDetails` VALUES(2,3,5,30000);
INSERT INTO `ProductDetails` VALUES(3,5,1,3000);
INSERT INTO `ProductDetails` VALUES(4,2,3,2500);
INSERT INTO `ProductDetails` VALUES(5,4,1,1000);

INSERT INTO `ORDER` VALUES (20,1500,"2021-10-12",3,5);
INSERT INTO `ORDER` VALUES(25,30500,"2021-09-16",5,2);
INSERT INTO `ORDER` VALUES(26,2000,"2021-10-05",1,1);
INSERT INTO `ORDER` VALUES(30,3500,"2021-08-16",4,3);
INSERT INTO `ORDER` VALUES(50,2000,"2021-10-06",2,1);

INSERT INTO `RATING` VALUES(1,2,2,4);
INSERT INTO `RATING` VALUES(2,3,4,3);
INSERT INTO `RATING` VALUES(3,5,1,5);
INSERT INTO `RATING` VALUES(4,1,3,2);
INSERT INTO `RATING` VALUES(5,4,5,4);

-- 3)
select CUS_GENDER, count(*)
from `order`  inner join customer on `order`.cus_id = customer.cus_id 
where ord_amount >= 3000 group by customer.CUS_GENDER;

-- 4)
select * from `order` inner join ProductDetails
on `order`.prod_id = ProductDetails.prod_id 
inner join product on
ProductDetails.pro_id = product.pro_id
where cus_id = 2;

-- 5)
select * from supplier where supp_id IN 
(select supp_id from ProductDetails group by supp_id having count(*)> 1);

-- 6)
select category.* from `order`
inner join ProductDetails 
on ProductDetails.prod_id = `order`.prod_id
inner join product 
on ProductDetails.pro_id = product.pro_id
inner join category
on product.cat_id = category.cat_id
order by `order`.ord_amount limit 1;

-- 7)
select product.pro_id, product.pro_name, product.pro_desc from `order` inner join 
ProductDetails on 
`order`.prod_id = ProductDetails.prod_id
inner join product on
ProductDetails.pro_id = product.pro_id
where ord_date > '2021-10-05';

-- 8)

select cus_name, cus_gender from customer where customer.cus_name like 'A%' or customer.cus_name like '%A';

  